<?xml version="1.0" encoding="UTF-8"?>
<!-- Copyright ETS-Soft -->
<menus><menu id_menu="13" sort_order="1" enabled="1" icon="" id_cms="0" id_manufacturer="0" id_category="0" link_type="HOME" sub_menu_type="FULL" sub_menu_max_width="100" custom_class="home_layout_menu" bubble_text_color="#ffffff" bubble_background_color="#FC4444" title="Home" link="" bubble_text="" menu_link="http://demo.etssoft.net/digital17/en/"><columns><column id_menu="13" is_breaker="0" column_size="2" sort_order="1"><blocks><block id_column="22" block_type="IMAGE" image="ld-home-1.jpg" sort_order="1" enabled="1" id_categories="" id_manufacturers="" id_products="" id_cmss="" display_title="1" title="Home 1" title_link="http://demo.etssoft.net/digital17/en/?YBC_TC_LAYOUT=DEFAULT&amp;tc_init=1&amp;YBC_TC_SKIN=BLUE_1" content="" image_link="http://demo.etssoft.net/digital17/en/?YBC_TC_LAYOUT=DEFAULT&amp;tc_init=1&amp;YBC_TC_SKIN=BLUE_1"/></blocks></column><column id_menu="13" is_breaker="0" column_size="2" sort_order="2"><blocks><block id_column="25" block_type="IMAGE" image="ld-home-2.jpg" sort_order="1" enabled="1" id_categories="" id_manufacturers="" id_products="" id_cmss="" display_title="1" title="Home 2" title_link="http://demo.etssoft.net/digital17/en/?YBC_TC_LAYOUT=LayoutHome2&amp;tc_init=1&amp;YBC_TC_SKIN=BLUE_2" content="" image_link="http://demo.etssoft.net/digital17/en/?YBC_TC_LAYOUT=LayoutHome2&amp;tc_init=1&amp;YBC_TC_SKIN=BLUE_2"/></blocks></column><column id_menu="13" is_breaker="0" column_size="2" sort_order="3"><blocks><block id_column="31" block_type="IMAGE" image="ld-home-3.jpg" sort_order="1" enabled="1" id_categories="" id_manufacturers="" id_products="" id_cmss="" display_title="1" title="Home 3" title_link="http://demo.etssoft.net/digital17/en/?YBC_TC_LAYOUT=LayoutHome3&amp;tc_init=1&amp;YBC_TC_SKIN=CUSTOM" content="" image_link="http://demo.etssoft.net/digital17/en/?YBC_TC_LAYOUT=LayoutHome3&amp;tc_init=1&amp;YBC_TC_SKIN=CUSTOM"/></blocks></column><column id_menu="13" is_breaker="0" column_size="2" sort_order="4"><blocks><block id_column="32" block_type="IMAGE" image="ld-home-4.jpg" sort_order="1" enabled="1" id_categories="" id_manufacturers="" id_products="" id_cmss="" display_title="1" title="Home 4" title_link="http://demo.etssoft.net/digital17/en/?YBC_TC_LAYOUT=LayoutHome4&amp;tc_init=1&amp;YBC_TC_SKIN=BLUE_1" content="" image_link="http://demo.etssoft.net/digital17/en/?YBC_TC_LAYOUT=LayoutHome4&amp;tc_init=1&amp;YBC_TC_SKIN=BLUE_1"/></blocks></column><column id_menu="13" is_breaker="0" column_size="2" sort_order="5"><blocks><block id_column="33" block_type="IMAGE" image="ld-home-5.jpg" sort_order="1" enabled="1" id_categories="" id_manufacturers="" id_products="" id_cmss="" display_title="1" title="Home 5" title_link="http://demo.etssoft.net/digital17/en/?YBC_TC_LAYOUT=LayoutHome5&amp;tc_init=1&amp;YBC_TC_SKIN=BLUE_2" content="" image_link="http://demo.etssoft.net/digital17/en/?YBC_TC_LAYOUT=LayoutHome5&amp;tc_init=1&amp;YBC_TC_SKIN=BLUE_2"/></blocks></column><column id_menu="13" is_breaker="0" column_size="2" sort_order="6"><blocks><block id_column="34" block_type="IMAGE" image="ld-home-6.jpg" sort_order="1" enabled="1" id_categories="" id_manufacturers="" id_products="" id_cmss="" display_title="1" title="Home 6" title_link="http://demo.etssoft.net/digital17/en/?YBC_TC_LAYOUT=LayoutHome6&amp;tc_init=1&amp;YBC_TC_SKIN=CUSTOM" content="" image_link="http://demo.etssoft.net/digital17/en/?YBC_TC_LAYOUT=LayoutHome6&amp;tc_init=1&amp;YBC_TC_SKIN=CUSTOM"/></blocks></column></columns></menu><menu id_menu="14" sort_order="2" enabled="1" icon="fa-television" id_cms="0" id_manufacturer="0" id_category="3" link_type="CATEGORY" sub_menu_type="FULL" sub_menu_max_width="100" custom_class="television" bubble_text_color="#ffffff" bubble_background_color="#FC4444" title="Television" link="" bubble_text="" menu_link="http://demo.etssoft.net/digital17/en/3-television"><columns><column id_menu="14" is_breaker="0" column_size="3" sort_order="1"><blocks><block id_column="15" block_type="CATEGORY" image="" sort_order="1" enabled="1" id_categories="5,6,7,10,11" id_manufacturers="" id_products="" id_cmss="" display_title="1" title="SamSung" title_link="" content="&lt;ul&gt;&#13;&#10;                    &lt;li&gt;&#13;&#10;                &lt;a href=&quot;#&quot;&gt;Blouses&lt;/a&gt;&#13;&#10;                            &lt;/li&gt;&#13;&#10;                    &lt;li&gt;&#13;&#10;                &lt;a href=&quot;#&quot;&gt;Casual Dresses&lt;/a&gt;&#13;&#10;                            &lt;/li&gt;&#13;&#10;                    &lt;li&gt;&#13;&#10;                &lt;a href=&quot;#&quot;&gt;Dresses&lt;/a&gt;&#13;&#10;                            &lt;/li&gt;&#13;&#10;                    &lt;li&gt;&#13;&#10;                &lt;a href=&quot;#&quot;&gt;T-shirts&lt;/a&gt;&#13;&#10;                            &lt;/li&gt;&#13;&#10;                    &lt;li&gt;&#13;&#10;                &lt;a href=&quot;#&quot;&gt;Tops&lt;/a&gt;&#13;&#10;                            &lt;/li&gt;&#13;&#10;            &lt;/ul&gt;" image_link=""/></blocks></column><column id_menu="14" is_breaker="0" column_size="3" sort_order="2"><blocks><block id_column="16" block_type="CATEGORY" image="" sort_order="1" enabled="1" id_categories="6,7,9,10,11" id_manufacturers="" id_products="" id_cmss="" display_title="1" title="Toshiba" title_link="" content="&lt;ul&gt;&#13;&#10;                    &lt;li&gt;&#13;&#10;                &lt;a href=&quot;#&quot;&gt;Blouses&lt;/a&gt;&#13;&#10;                            &lt;/li&gt;&#13;&#10;                    &lt;li&gt;&#13;&#10;                &lt;a href=&quot;#&quot;&gt;Casual Dresses&lt;/a&gt;&#13;&#10;                            &lt;/li&gt;&#13;&#10;                    &lt;li&gt;&#13;&#10;                &lt;a href=&quot;#&quot;&gt;Dresses&lt;/a&gt;&#13;&#10;                            &lt;/li&gt;&#13;&#10;                    &lt;li&gt;&#13;&#10;                &lt;a href=&quot;#&quot;&gt;T-shirts&lt;/a&gt;&#13;&#10;                            &lt;/li&gt;&#13;&#10;                    &lt;li&gt;&#13;&#10;                &lt;a href=&quot;#&quot;&gt;Tops&lt;/a&gt;&#13;&#10;                            &lt;/li&gt;&#13;&#10;            &lt;/ul&gt;" image_link=""/></blocks></column><column id_menu="14" is_breaker="0" column_size="3" sort_order="3"><blocks><block id_column="17" block_type="CATEGORY" image="" sort_order="1" enabled="1" id_categories="6,7,9,10,11" id_manufacturers="" id_products="" id_cmss="" display_title="1" title="Sony Bravia" title_link="" content="&lt;ul&gt;&#13;&#10;                    &lt;li&gt;&#13;&#10;                &lt;a href=&quot;#&quot;&gt;Blouses&lt;/a&gt;&#13;&#10;                            &lt;/li&gt;&#13;&#10;                    &lt;li&gt;&#13;&#10;                &lt;a href=&quot;#&quot;&gt;Casual Dresses&lt;/a&gt;&#13;&#10;                            &lt;/li&gt;&#13;&#10;                    &lt;li&gt;&#13;&#10;                &lt;a href=&quot;#&quot;&gt;Dresses&lt;/a&gt;&#13;&#10;                            &lt;/li&gt;&#13;&#10;                    &lt;li&gt;&#13;&#10;                &lt;a href=&quot;#&quot;&gt;T-shirts&lt;/a&gt;&#13;&#10;                            &lt;/li&gt;&#13;&#10;                    &lt;li&gt;&#13;&#10;                &lt;a href=&quot;#&quot;&gt;Tops&lt;/a&gt;&#13;&#10;                            &lt;/li&gt;&#13;&#10;            &lt;/ul&gt;" image_link=""/></blocks></column><column id_menu="14" is_breaker="0" column_size="3" sort_order="4"><blocks><block id_column="18" block_type="IMAGE" image="television.jpg" sort_order="1" enabled="1" id_categories="" id_manufacturers="" id_products="" id_cmss="" display_title="0" title="Lorem ipsum" title_link="#" content="&lt;ul&gt;&#13;&#10;                    &lt;li&gt;&#13;&#10;                &lt;a href=&quot;#&quot;&gt;Blouses&lt;/a&gt;&#13;&#10;                            &lt;/li&gt;&#13;&#10;                    &lt;li&gt;&#13;&#10;                &lt;a href=&quot;#&quot;&gt;Casual Dresses&lt;/a&gt;&#13;&#10;                            &lt;/li&gt;&#13;&#10;                    &lt;li&gt;&#13;&#10;                &lt;a href=&quot;#&quot;&gt;Dresses&lt;/a&gt;&#13;&#10;                            &lt;/li&gt;&#13;&#10;                    &lt;li&gt;&#13;&#10;                &lt;a href=&quot;#&quot;&gt;T-shirts&lt;/a&gt;&#13;&#10;                            &lt;/li&gt;&#13;&#10;                    &lt;li&gt;&#13;&#10;                &lt;a href=&quot;#&quot;&gt;Tops&lt;/a&gt;&#13;&#10;                            &lt;/li&gt;&#13;&#10;            &lt;/ul&gt;" image_link="#"/></blocks></column></columns></menu><menu id_menu="15" sort_order="3" enabled="1" icon="fa-laptop" id_cms="0" id_manufacturer="0" id_category="0" link_type="CUSTOM" sub_menu_type="FULL" sub_menu_max_width="100" custom_class="sale_bubble laptop" bubble_text_color="#ffffff" bubble_background_color="#FC4444" title="laptops" link="#" bubble_text="Sale" menu_link="#"><columns><column id_menu="15" is_breaker="0" column_size="3" sort_order="1"><blocks><block id_column="23" block_type="CATEGORY" image="" sort_order="1" enabled="1" id_categories="5,6,7,9,10" id_manufacturers="" id_products="" id_cmss="" display_title="1" title="Ddipiscing" title_link="" content="" image_link=""/></blocks></column><column id_menu="15" is_breaker="0" column_size="4" sort_order="2"><blocks><block id_column="24" block_type="PRODUCT" image="" sort_order="1" enabled="1" id_categories="" id_manufacturers="" id_products="1" id_cmss="" display_title="0" title="Lorem ipsum dolor" title_link="" content="" image_link=""/><block id_column="24" block_type="PRODUCT" image="" sort_order="2" enabled="1" id_categories="" id_manufacturers="" id_products="2" id_cmss="" display_title="0" title="Lorem ipsum dolor" title_link="" content="" image_link=""/></blocks></column><column id_menu="15" is_breaker="0" column_size="4" sort_order="3"><blocks><block id_column="26" block_type="PRODUCT" image="" sort_order="1" enabled="1" id_categories="" id_manufacturers="" id_products="3" id_cmss="" display_title="0" title="Lorem ipsum dolor" title_link="" content="" image_link=""/><block id_column="26" block_type="PRODUCT" image="" sort_order="2" enabled="1" id_categories="" id_manufacturers="" id_products="4" id_cmss="" display_title="0" title="Lorem ipsum dolor" title_link="" content="" image_link=""/></blocks></column></columns></menu><menu id_menu="19" sort_order="4" enabled="1" icon="fa-desktop" id_cms="0" id_manufacturer="0" id_category="0" link_type="CUSTOM" sub_menu_type="FULL" sub_menu_max_width="100" custom_class="new_bubble compute" bubble_text_color="#ffffff" bubble_background_color="#FC4444" title="PC computers" link="#" bubble_text="New" menu_link="#"><columns><column id_menu="19" is_breaker="0" column_size="3" sort_order="1"><blocks><block id_column="27" block_type="CATEGORY" image="" sort_order="1" enabled="1" id_categories="5,6,7,9,10" id_manufacturers="" id_products="" id_cmss="" display_title="1" title="Adipiscing" title_link="" content="" image_link=""/></blocks></column><column id_menu="19" is_breaker="0" column_size="3" sort_order="2"><blocks><block id_column="28" block_type="CATEGORY" image="" sort_order="1" enabled="1" id_categories="5,6,7,9,10" id_manufacturers="" id_products="" id_cmss="" display_title="1" title="Adipiscing" title_link="" content="" image_link=""/></blocks></column><column id_menu="19" is_breaker="0" column_size="3" sort_order="3"><blocks><block id_column="29" block_type="PRODUCT" image="" sort_order="1" enabled="1" id_categories="" id_manufacturers="" id_products="1,2" id_cmss="" display_title="1" title="Hot Deals" title_link="" content="" image_link=""/></blocks></column><column id_menu="19" is_breaker="0" column_size="3" sort_order="4"><blocks><block id_column="30" block_type="IMAGE" image="ipad.jpg" sort_order="1" enabled="1" id_categories="" id_manufacturers="" id_products="" id_cmss="" display_title="0" title="lorem" title_link="" content="" image_link=""/><block id_column="30" block_type="HTML" image="" sort_order="2" enabled="1" id_categories="" id_manufacturers="" id_products="" id_cmss="" display_title="0" title="Lorem" title_link="" content="Lorem ipsum dolor sit amet, consectetur adipiscing elit, sed do eiusmod" image_link=""/></blocks></column></columns></menu><menu id_menu="20" sort_order="5" enabled="1" icon="fa-mobile fa-3" id_cms="0" id_manufacturer="0" id_category="17" link_type="CATEGORY" sub_menu_type="FULL" sub_menu_max_width="100" custom_class="phone" bubble_text_color="#ffffff" bubble_background_color="#FC4444" title="Phones" link="" bubble_text="" menu_link="http://demo.etssoft.net/digital17/en/17-phones"><columns/></menu><menu id_menu="21" sort_order="6" enabled="1" icon="fa-camera-retro" id_cms="0" id_manufacturer="0" id_category="0" link_type="CUSTOM" sub_menu_type="FULL" sub_menu_max_width="100" custom_class="camera" bubble_text_color="#ffffff" bubble_background_color="#FC4444" title="Cameras &amp; lenses" link="#" bubble_text="" menu_link="#"><columns/></menu><menu id_menu="22" sort_order="7" enabled="1" icon="fa-flash" id_cms="0" id_manufacturer="0" id_category="0" link_type="CUSTOM" sub_menu_type="FULL" sub_menu_max_width="100" custom_class="electronics" bubble_text_color="#ffffff" bubble_background_color="#FC4444" title="Electronics" link="#" bubble_text="" menu_link="#"><columns/></menu><menu id_menu="23" sort_order="8" enabled="1" icon="fa-apple" id_cms="0" id_manufacturer="0" id_category="0" link_type="CUSTOM" sub_menu_type="FULL" sub_menu_max_width="100" custom_class="" bubble_text_color="#ffffff" bubble_background_color="#FC4444" title="Apples" link="#" bubble_text="" menu_link="#"><columns/></menu><menu id_menu="24" sort_order="9" enabled="1" icon="fa-clock-o" id_cms="0" id_manufacturer="0" id_category="0" link_type="CUSTOM" sub_menu_type="FULL" sub_menu_max_width="100" custom_class="" bubble_text_color="#ffffff" bubble_background_color="#FC4444" title="Smart Watches" link="#" bubble_text="" menu_link="#"><columns/></menu><menu id_menu="25" sort_order="10" enabled="1" icon="fa-headphones" id_cms="0" id_manufacturer="0" id_category="0" link_type="CUSTOM" sub_menu_type="FULL" sub_menu_max_width="100" custom_class="" bubble_text_color="#ffffff" bubble_background_color="#FC4444" title="Accessories" link="#" bubble_text="" menu_link="#"><columns/></menu><menu id_menu="16" sort_order="11" enabled="1" icon="" id_cms="4" id_manufacturer="0" id_category="0" link_type="CMS" sub_menu_type="FULL" sub_menu_max_width="13" custom_class="about_contact" bubble_text_color="#ffffff" bubble_background_color="#FC4444" title="About us" link="#" bubble_text="" menu_link="http://demo.etssoft.net/digital17/en/content/4-about-us"><columns/></menu><menu id_menu="18" sort_order="12" enabled="1" icon="fa-envelope-o" id_cms="0" id_manufacturer="0" id_category="0" link_type="CONTACT" sub_menu_type="LEFT" sub_menu_max_width="13" custom_class="about_contact not_show" bubble_text_color="#ffffff" bubble_background_color="#FC4444" title="Contact" link="" bubble_text="" menu_link="http://demo.etssoft.net/digital17/en/contact-us"><columns><column id_menu="18" is_breaker="0" column_size="3" sort_order="1"><blocks><block id_column="21" block_type="HTML" image="" sort_order="1" enabled="1" id_categories="" id_manufacturers="" id_products="" id_cmss="" display_title="0" title="contact demo" title_link="" content="&lt;ul&gt;&#13;&#10;&lt;li&gt;&lt;a href=&quot;http://ets.digital17.dev/en/contact-us?YBC_TC_CONTACT_FORM_LAYOUT=contact_layout1&quot;&gt;Contact page 1&lt;/a&gt;&lt;/li&gt;&#13;&#10;&lt;li&gt;&lt;a href=&quot;http://ets.digital17.dev/en/contact-us?YBC_TC_CONTACT_FORM_LAYOUT=contact_layout2&quot;&gt;Contact page 2&lt;/a&gt;&lt;/li&gt;&#13;&#10;&lt;li&gt;&lt;a href=&quot;http://ets.digital17.dev/en/contact-us?YBC_TC_CONTACT_FORM_LAYOUT=contact_layout3&quot;&gt;Contact page 3&lt;/a&gt;&lt;/li&gt;&#13;&#10;&lt;/ul&gt;" image_link=""/></blocks></column></columns></menu><menu id_menu="17" sort_order="13" enabled="1" icon="fa-pencil-square-o" id_cms="0" id_manufacturer="0" id_category="0" link_type="CUSTOM" sub_menu_type="FULL" sub_menu_max_width="13" custom_class="about_contact not_show" bubble_text_color="#ffffff" bubble_background_color="#FC4444" title="Blog" link="http://theme.yourbestcode.com/shopnow/en/blog" bubble_text="" menu_link="http://theme.yourbestcode.com/shopnow/en/blog"><columns><column id_menu="17" is_breaker="0" column_size="2" sort_order="1"><blocks><block id_column="35" block_type="HTML" image="" sort_order="1" enabled="1" id_categories="" id_manufacturers="" id_products="" id_cmss="" display_title="0" title="Blog" title_link="" content="&lt;ul&gt;&#13;&#10;&#9;&lt;li&gt;&lt;a href=&quot;http://demo.etssoft.net/digital17/blog&quot;&gt;Main page&lt;/a&gt;&lt;/li&gt;&#13;&#10;&#9;&lt;li&gt;&lt;a href=&quot;http://demo.etssoft.net/digital17/blog/post/1-sample-post1.html&quot;&gt;Post page&lt;/a&gt;&lt;/li&gt;&#13;&#10;&#9;&lt;li&gt;&lt;a href=&quot;http://demo.etssoft.net/digital17/blog/category/1-sample-category.html&quot;&gt;Category page&lt;/a&gt;&lt;/li&gt;&#13;&#10;&#9;&lt;li&gt;&lt;a href=&quot;http://demo.etssoft.net/digital17/blog/author/1-quang-ets&quot;&gt;Author page&lt;/a&gt;&lt;/li&gt;&#13;&#10;&lt;/ul&gt;" image_link=""/></blocks></column></columns></menu><menu id_menu="27" sort_order="14" enabled="1" icon="" id_cms="0" id_manufacturer="0" id_category="0" link_type="CUSTOM" sub_menu_type="FULL" sub_menu_max_width="100" custom_class="view_more_menu" bubble_text_color="#ffffff" bubble_background_color="#FC4444" title="View more categories" link="#" bubble_text="" menu_link="#"><columns/></menu><menu id_menu="28" sort_order="15" enabled="1" icon="" id_cms="0" id_manufacturer="0" id_category="0" link_type="CUSTOM" sub_menu_type="FULL" sub_menu_max_width="100" custom_class="view_less_menu not_show" bubble_text_color="#ffffff" bubble_background_color="#FC4444" title="View less categories" link="#" bubble_text="" menu_link="#"><columns/></menu></menus>
