<?xml version="1.0" encoding="UTF-8"?>
<!-- Copyright ETS-Soft -->
<slides><slide obj="MLS_Slide" id_slide="14" image="14_slider-1.jpg" repeat_x="0" repeat_y="0" sort_order="1" backgroud_color="#f5f5f2" custom_class="" enabled="1" animation_in="zoomInFlipHoriz" animation_out="zoomOutFlipVert" title="Slide 1-1" link_img="/digital17/modules/ets_multilayerslider/views/img/upload/14_slider-1.jpg" max_layer_in="3500" max_layer_out="1200"><layers><layer obj="MLS_Layer" id_slide="14" layer_type="text" font_size="16.00" text_color="#454545" custom_class="" background_color="#F3F3F3" background_opacity="1.00" font_family="" font_weight="normal" text_decoration="none" text_transform="uppercase" padding="5px 10px" box_radius="20" top="137.00" left="685.00" right="0.00" top_right="0.00" animation_in="fadeInLeft" animation_out="fadeOutLeft" width="" height="" sort_order="1" move_in="1000" move_out="500" stand_duration="0" start_delay="0" image="" content_layer="&lt;span class=&quot;color2&quot;&gt;New &lt;/span&gt; lap top Serires" link="" link_image="/digital17/modules/ets_multilayerslider/views/img/upload/"/><layer obj="MLS_Layer" id_slide="14" layer_type="text" font_size="45.00" text_color="#333333" custom_class="main-color" background_color="#F3F3F3" background_opacity="1.00" font_family="Montserrat" font_weight="bold" text_decoration="none" text_transform="uppercase" padding="5px 10px" box_radius="20" top="169.00" left="685.00" right="0.00" top_right="0.00" animation_in="slideInRight" animation_out="slideOutRight" width="" height="" sort_order="2" move_in="1000" move_out="500" stand_duration="0" start_delay="0" image="" content_layer="Acer Aspire R11" link="" link_image="/digital17/modules/ets_multilayerslider/views/img/upload/"/><layer obj="MLS_Layer" id_slide="14" layer_type="text" font_size="14.00" text_color="#888888" custom_class="sub_title" background_color="#ec4249" background_opacity="1.00" font_family="" font_weight="normal" text_decoration="none" text_transform="none" padding="10px 20px" box_radius="20" top="225.00" left="685.00" right="0.00" top_right="0.00" animation_in="slideInRight" animation_out="slideOutRight" width="" height="" sort_order="3" move_in="1000" move_out="700" stand_duration="500" start_delay="900" image="" content_layer="New laptop model from Acer, powerful notebook for&lt;br /&gt; anywhere the jobs take you" link="#" link_image="/digital17/modules/ets_multilayerslider/views/img/upload/"/><layer obj="MLS_Layer" id_slide="14" layer_type="button" font_size="14.00" text_color="#ffffff" custom_class="main-color-btn" background_color="#5e5e5e" background_opacity="1.00" font_family="" font_weight="normal" text_decoration="underline" text_transform="none" padding="15px 30px" box_radius="0" top="290.00" left="685.00" right="0.00" top_right="0.00" animation_in="zoomIn" animation_out="zoomOut" width="" height="" sort_order="4" move_in="1000" move_out="500" stand_duration="500" start_delay="2500" image="" content_layer="Purchase Now" link="#" link_image="/digital17/modules/ets_multilayerslider/views/img/upload/"/></layers></slide><slide obj="MLS_Slide" id_slide="20" image="slider11.jpg" repeat_x="0" repeat_y="0" sort_order="2" backgroud_color="#f5f5f2" custom_class="" enabled="1" animation_in="zoomInFlipHoriz" animation_out="zoomOutFlipVert" title="Slide 1-2" link_img="/digital17/modules/ets_multilayerslider/views/img/upload/slider11.jpg" max_layer_in="3500" max_layer_out="1200"><layers><layer obj="MLS_Layer" id_slide="20" layer_type="text" font_size="16.00" text_color="#454545" custom_class="" background_color="#F3F3F3" background_opacity="1.00" font_family="" font_weight="normal" text_decoration="none" text_transform="uppercase" padding="5px 10px" box_radius="20" top="137.00" left="685.00" right="0.00" top_right="0.00" animation_in="fadeInLeft" animation_out="fadeOutLeft" width="" height="" sort_order="1" move_in="1000" move_out="500" stand_duration="0" start_delay="0" image="" content_layer="&lt;span class=&quot;color2&quot;&gt;New &lt;/span&gt; generation of digital cameras" link="" link_image="/digital17/modules/ets_multilayerslider/views/img/upload/"/><layer obj="MLS_Layer" id_slide="20" layer_type="text" font_size="45.00" text_color="#333333" custom_class="main-color" background_color="#F3F3F3" background_opacity="1.00" font_family="Montserrat" font_weight="bold" text_decoration="none" text_transform="uppercase" padding="5px 10px" box_radius="20" top="169.00" left="685.00" right="0.00" top_right="0.00" animation_in="slideInRight" animation_out="slideOutRight" width="" height="" sort_order="2" move_in="1000" move_out="500" stand_duration="0" start_delay="0" image="" content_layer="Canon fx800d" link="" link_image="/digital17/modules/ets_multilayerslider/views/img/upload/"/><layer obj="MLS_Layer" id_slide="20" layer_type="text" font_size="14.00" text_color="#888888" custom_class="sub_title" background_color="#ec4249" background_opacity="1.00" font_family="" font_weight="normal" text_decoration="none" text_transform="none" padding="10px 20px" box_radius="20" top="225.00" left="685.00" right="0.00" top_right="0.00" animation_in="slideInRight" animation_out="slideOutRight" width="" height="" sort_order="3" move_in="1000" move_out="700" stand_duration="500" start_delay="900" image="" content_layer="Get thhe confident to archive your photographic&lt;br /&gt;&#10;vision with canon FX800D" link="#" link_image="/digital17/modules/ets_multilayerslider/views/img/upload/"/><layer obj="MLS_Layer" id_slide="20" layer_type="button" font_size="14.00" text_color="#ffffff" custom_class="main-color-btn" background_color="#5e5e5e" background_opacity="1.00" font_family="" font_weight="normal" text_decoration="underline" text_transform="none" padding="15px 30px" box_radius="0" top="290.00" left="685.00" right="0.00" top_right="0.00" animation_in="zoomIn" animation_out="zoomOut" width="" height="" sort_order="4" move_in="1000" move_out="500" stand_duration="500" start_delay="2500" image="" content_layer="Purchase Now" link="#" link_image="/digital17/modules/ets_multilayerslider/views/img/upload/"/></layers></slide><slide obj="MLS_Slide" id_slide="15" image="15_slider2.jpg" repeat_x="0" repeat_y="0" sort_order="3" backgroud_color="#f5f5f2" custom_class="" enabled="1" animation_in="zoomInFlipHoriz" animation_out="zoomOutFlipVert" title="Slide 2-1" link_img="/digital17/modules/ets_multilayerslider/views/img/upload/15_slider2.jpg" max_layer_in="3500" max_layer_out="1200"><layers><layer obj="MLS_Layer" id_slide="15" layer_type="text" font_size="16.00" text_color="#454545" custom_class="" background_color="#F3F3F3" background_opacity="1.00" font_family="" font_weight="normal" text_decoration="none" text_transform="uppercase" padding="5px 10px" box_radius="20" top="137.00" left="685.00" right="0.00" top_right="0.00" animation_in="fadeInLeft" animation_out="fadeOutLeft" width="" height="" sort_order="1" move_in="1000" move_out="500" stand_duration="0" start_delay="0" image="" content_layer="&lt;span class=&quot;color2&quot;&gt;New &lt;/span&gt; experiences with Android 7.1" link="" link_image="/digital17/modules/ets_multilayerslider/views/img/upload/"/><layer obj="MLS_Layer" id_slide="15" layer_type="text" font_size="45.00" text_color="#333333" custom_class="main-color" background_color="#F3F3F3" background_opacity="1.00" font_family="Montserrat" font_weight="bold" text_decoration="none" text_transform="uppercase" padding="5px 10px" box_radius="20" top="169.00" left="685.00" right="0.00" top_right="0.00" animation_in="slideInRight" animation_out="slideOutRight" width="" height="" sort_order="2" move_in="1000" move_out="500" stand_duration="0" start_delay="0" image="" content_layer="Samsung galaxy tab" link="" link_image="/digital17/modules/ets_multilayerslider/views/img/upload/"/><layer obj="MLS_Layer" id_slide="15" layer_type="text" font_size="14.00" text_color="#888888" custom_class="sub_title" background_color="#ec4249" background_opacity="1.00" font_family="" font_weight="normal" text_decoration="none" text_transform="none" padding="10px 20px" box_radius="20" top="225.00" left="685.00" right="0.00" top_right="0.00" animation_in="slideInRight" animation_out="slideOutRight" width="" height="" sort_order="3" move_in="1000" move_out="700" stand_duration="500" start_delay="900" image="" content_layer="Lorem ipsum dolor sit amet, consectetur adipiscing elit. Integer nec &lt;br /&gt;&#13;&#10;odio. Praesent libero. Sed cursus ante dapibus diam" link="#" link_image="/digital17/modules/ets_multilayerslider/views/img/upload/"/><layer obj="MLS_Layer" id_slide="15" layer_type="button" font_size="14.00" text_color="#ffffff" custom_class="main-color-btn" background_color="#5e5e5e" background_opacity="1.00" font_family="" font_weight="normal" text_decoration="underline" text_transform="none" padding="15px 30px" box_radius="0" top="290.00" left="685.00" right="0.00" top_right="0.00" animation_in="zoomIn" animation_out="zoomOut" width="" height="" sort_order="4" move_in="1000" move_out="500" stand_duration="500" start_delay="2500" image="" content_layer="Purchase Now" link="#" link_image="/digital17/modules/ets_multilayerslider/views/img/upload/"/></layers></slide><slide obj="MLS_Slide" id_slide="7" image="slider-1.jpg" repeat_x="0" repeat_y="0" sort_order="4" backgroud_color="#f5f5f2" custom_class="" enabled="1" animation_in="zoomInFlipHoriz" animation_out="zoomOutFlipVert" title="Slide 1" link_img="/digital17/modules/ets_multilayerslider/views/img/upload/slider-1.jpg" max_layer_in="3500" max_layer_out="1200"><layers><layer obj="MLS_Layer" id_slide="7" layer_type="text" font_size="16.00" text_color="#454545" custom_class="" background_color="#F3F3F3" background_opacity="1.00" font_family="" font_weight="normal" text_decoration="none" text_transform="uppercase" padding="5px 10px" box_radius="20" top="137.00" left="375.00" right="0.00" top_right="0.00" animation_in="fadeInLeft" animation_out="fadeOutLeft" width="" height="" sort_order="1" move_in="1000" move_out="500" stand_duration="0" start_delay="0" image="" content_layer="&lt;span class=&quot;color2&quot;&gt;New &lt;/span&gt; lap top Serires" link="" link_image="/digital17/modules/ets_multilayerslider/views/img/upload/"/><layer obj="MLS_Layer" id_slide="7" layer_type="text" font_size="45.00" text_color="#333333" custom_class="main-color" background_color="#F3F3F3" background_opacity="1.00" font_family="Montserrat" font_weight="bold" text_decoration="none" text_transform="uppercase" padding="5px 10px" box_radius="20" top="169.00" left="373.48" right="0.00" top_right="0.00" animation_in="slideInRight" animation_out="slideOutRight" width="" height="" sort_order="2" move_in="1000" move_out="500" stand_duration="0" start_delay="0" image="" content_layer="Acer Aspire R11" link="" link_image="/digital17/modules/ets_multilayerslider/views/img/upload/"/><layer obj="MLS_Layer" id_slide="7" layer_type="text" font_size="14.00" text_color="#888888" custom_class="sub_title" background_color="#ec4249" background_opacity="1.00" font_family="" font_weight="normal" text_decoration="none" text_transform="none" padding="10px 20px" box_radius="20" top="225.00" left="375.00" right="0.00" top_right="0.00" animation_in="slideInRight" animation_out="slideOutRight" width="" height="" sort_order="3" move_in="1000" move_out="700" stand_duration="500" start_delay="900" image="" content_layer="New laptop model from Acer, powerful notebook for&lt;br /&gt; anywhere the jobs take you" link="#" link_image="/digital17/modules/ets_multilayerslider/views/img/upload/"/><layer obj="MLS_Layer" id_slide="7" layer_type="button" font_size="14.00" text_color="#ffffff" custom_class="main-color-btn" background_color="#5e5e5e" background_opacity="1.00" font_family="" font_weight="normal" text_decoration="underline" text_transform="none" padding="15px 30px" box_radius="0" top="290.00" left="375.00" right="0.00" top_right="0.00" animation_in="zoomIn" animation_out="zoomOut" width="" height="" sort_order="4" move_in="1000" move_out="500" stand_duration="500" start_delay="2500" image="" content_layer="Purchase Now" link="#" link_image="/digital17/modules/ets_multilayerslider/views/img/upload/"/></layers></slide><slide obj="MLS_Slide" id_slide="10" image="slider2.jpg" repeat_x="0" repeat_y="0" sort_order="5" backgroud_color="#f5f5f2" custom_class="" enabled="1" animation_in="zoomInFlipHoriz" animation_out="zoomOutFlipVert" title="Slide 2" link_img="/digital17/modules/ets_multilayerslider/views/img/upload/slider2.jpg" max_layer_in="3500" max_layer_out="1200"><layers><layer obj="MLS_Layer" id_slide="10" layer_type="text" font_size="16.00" text_color="#454545" custom_class="" background_color="#F3F3F3" background_opacity="1.00" font_family="" font_weight="normal" text_decoration="none" text_transform="uppercase" padding="5px 10px" box_radius="20" top="137.00" left="375.00" right="0.00" top_right="0.00" animation_in="fadeInLeft" animation_out="fadeOutLeft" width="" height="" sort_order="1" move_in="1000" move_out="500" stand_duration="0" start_delay="0" image="" content_layer="&lt;span class=&quot;color2&quot;&gt;New &lt;/span&gt; experiences with Android 7.1" link="" link_image="/digital17/modules/ets_multilayerslider/views/img/upload/"/><layer obj="MLS_Layer" id_slide="10" layer_type="text" font_size="45.00" text_color="#333333" custom_class="main-color" background_color="#F3F3F3" background_opacity="1.00" font_family="Montserrat" font_weight="bold" text_decoration="none" text_transform="uppercase" padding="5px 10px" box_radius="20" top="169.00" left="375.00" right="0.00" top_right="0.00" animation_in="slideInRight" animation_out="slideOutRight" width="" height="" sort_order="2" move_in="1000" move_out="500" stand_duration="0" start_delay="0" image="" content_layer="Samsung galaxy tab" link="" link_image="/digital17/modules/ets_multilayerslider/views/img/upload/"/><layer obj="MLS_Layer" id_slide="10" layer_type="text" font_size="14.00" text_color="#888888" custom_class="sub_title" background_color="#ec4249" background_opacity="1.00" font_family="" font_weight="normal" text_decoration="none" text_transform="none" padding="10px 20px" box_radius="20" top="225.00" left="375.00" right="0.00" top_right="0.00" animation_in="slideInRight" animation_out="slideOutRight" width="" height="" sort_order="3" move_in="1000" move_out="700" stand_duration="500" start_delay="900" image="" content_layer="Lorem ipsum dolor sit amet, consectetur adipiscing elit. Integer nec &lt;br /&gt;&#13;&#10;odio. Praesent libero. Sed cursus ante dapibus diam" link="#" link_image="/digital17/modules/ets_multilayerslider/views/img/upload/"/><layer obj="MLS_Layer" id_slide="10" layer_type="button" font_size="14.00" text_color="#ffffff" custom_class="main-color-btn" background_color="#5e5e5e" background_opacity="1.00" font_family="" font_weight="normal" text_decoration="underline" text_transform="none" padding="15px 30px" box_radius="0" top="290.00" left="375.00" right="0.00" top_right="0.00" animation_in="zoomIn" animation_out="zoomOut" width="" height="" sort_order="4" move_in="1000" move_out="500" stand_duration="500" start_delay="2500" image="" content_layer="Purchase Now" link="#" link_image="/digital17/modules/ets_multilayerslider/views/img/upload/"/></layers></slide><slide obj="MLS_Slide" id_slide="8" image="slider3.jpg" repeat_x="0" repeat_y="0" sort_order="6" backgroud_color="#f5f5f2" custom_class="" enabled="1" animation_in="zoomInFlipHoriz" animation_out="zoomOutFlipVert" title="Slide 3" link_img="/digital17/modules/ets_multilayerslider/views/img/upload/slider3.jpg" max_layer_in="3500" max_layer_out="1200"><layers><layer obj="MLS_Layer" id_slide="8" layer_type="text" font_size="16.00" text_color="#454545" custom_class="" background_color="#F3F3F3" background_opacity="1.00" font_family="" font_weight="normal" text_decoration="none" text_transform="uppercase" padding="5px 10px" box_radius="20" top="94.00" left="104.56" right="0.00" top_right="0.00" animation_in="fadeInLeft" animation_out="fadeOutLeft" width="" height="" sort_order="1" move_in="1000" move_out="500" stand_duration="0" start_delay="0" image="" content_layer="&lt;span class=&quot;color2&quot;&gt;New &lt;/span&gt; Smart watch series" link="" link_image="/digital17/modules/ets_multilayerslider/views/img/upload/"/><layer obj="MLS_Layer" id_slide="8" layer_type="text" font_size="45.00" text_color="#333333" custom_class="main-color" background_color="#F3F3F3" background_opacity="1.00" font_family="Montserrat" font_weight="bold" text_decoration="none" text_transform="uppercase" padding="5px 10px" box_radius="20" top="149.00" left="104.56" right="0.00" top_right="0.00" animation_in="slideInRight" animation_out="slideOutRight" width="" height="" sort_order="2" move_in="1000" move_out="500" stand_duration="0" start_delay="0" image="" content_layer="Apple watches" link="" link_image="/digital17/modules/ets_multilayerslider/views/img/upload/"/><layer obj="MLS_Layer" id_slide="8" layer_type="text" font_size="14.00" text_color="#929292" custom_class="sub_title" background_color="#ec4249" background_opacity="1.00" font_family="" font_weight="normal" text_decoration="none" text_transform="none" padding="10px 20px" box_radius="20" top="213.00" left="107.00" right="0.00" top_right="0.00" animation_in="slideInRight" animation_out="slideOutRight" width="" height="" sort_order="3" move_in="1000" move_out="700" stand_duration="500" start_delay="900" image="" content_layer="Lorem ipsum dolor sit amet, consectetur adipiscing elit. Integer nec &lt;br /&gt;&#13;&#10;odio. Praesent libero. Sed cursus ante dapibus diam" link="#" link_image="/digital17/modules/ets_multilayerslider/views/img/upload/"/><layer obj="MLS_Layer" id_slide="8" layer_type="button" font_size="14.00" text_color="#ffffff" custom_class="main-color-btn" background_color="#5e5e5e" background_opacity="1.00" font_family="" font_weight="bold" text_decoration="underline" text_transform="uppercase" padding="15px 30px" box_radius="0" top="281.52" left="107.42" right="0.00" top_right="0.00" animation_in="zoomIn" animation_out="zoomOut" width="" height="" sort_order="4" move_in="1000" move_out="500" stand_duration="500" start_delay="2500" image="" content_layer="Purchase Now" link="http://theme.yourbestcode.com/shopnow/en/16-furniture" link_image="/digital17/modules/ets_multilayerslider/views/img/upload/"/></layers></slide><slide obj="MLS_Slide" id_slide="11" image="slider4.jpg" repeat_x="0" repeat_y="0" sort_order="7" backgroud_color="#f5f5f2" custom_class="" enabled="1" animation_in="zoomInFlipHoriz" animation_out="zoomOutFlipVert" title="Slide 4" link_img="/digital17/modules/ets_multilayerslider/views/img/upload/slider4.jpg" max_layer_in="3500" max_layer_out="1200"><layers><layer obj="MLS_Layer" id_slide="11" layer_type="text" font_size="16.00" text_color="#454545" custom_class="" background_color="#F3F3F3" background_opacity="1.00" font_family="" font_weight="normal" text_decoration="none" text_transform="uppercase" padding="5px 10px" box_radius="20" top="94.00" left="104.56" right="0.00" top_right="0.00" animation_in="fadeInLeft" animation_out="fadeOutLeft" width="" height="" sort_order="1" move_in="1000" move_out="500" stand_duration="0" start_delay="0" image="" content_layer="&lt;span class=&quot;color2&quot;&gt;New &lt;/span&gt; experiences with Android 7.1" link="" link_image="/digital17/modules/ets_multilayerslider/views/img/upload/"/><layer obj="MLS_Layer" id_slide="11" layer_type="text" font_size="45.00" text_color="#333333" custom_class="main-color" background_color="#F3F3F3" background_opacity="1.00" font_family="Montserrat" font_weight="bold" text_decoration="none" text_transform="uppercase" padding="5px 10px" box_radius="20" top="149.00" left="104.56" right="0.00" top_right="0.00" animation_in="slideInRight" animation_out="slideOutRight" width="" height="" sort_order="2" move_in="1000" move_out="500" stand_duration="0" start_delay="0" image="" content_layer="Samsung galaxy tab" link="" link_image="/digital17/modules/ets_multilayerslider/views/img/upload/"/><layer obj="MLS_Layer" id_slide="11" layer_type="text" font_size="14.00" text_color="#929292" custom_class="sub_title" background_color="#ec4249" background_opacity="1.00" font_family="" font_weight="normal" text_decoration="none" text_transform="none" padding="10px 20px" box_radius="20" top="213.00" left="107.00" right="0.00" top_right="0.00" animation_in="slideInRight" animation_out="slideOutRight" width="" height="" sort_order="3" move_in="1000" move_out="700" stand_duration="500" start_delay="900" image="" content_layer="Lorem ipsum dolor sit amet, consectetur adipiscing elit. Integer nec &lt;br /&gt;&#13;&#10;odio. Praesent libero. Sed cursus ante dapibus diam" link="#" link_image="/digital17/modules/ets_multilayerslider/views/img/upload/"/><layer obj="MLS_Layer" id_slide="11" layer_type="button" font_size="14.00" text_color="#ffffff" custom_class="main-color-btn" background_color="#5e5e5e" background_opacity="1.00" font_family="" font_weight="bold" text_decoration="underline" text_transform="uppercase" padding="15px 30px" box_radius="0" top="281.52" left="107.42" right="0.00" top_right="0.00" animation_in="zoomIn" animation_out="zoomOut" width="" height="" sort_order="4" move_in="1000" move_out="500" stand_duration="500" start_delay="2500" image="" content_layer="Purchase Now" link="http://theme.yourbestcode.com/shopnow/en/16-furniture" link_image="/digital17/modules/ets_multilayerslider/views/img/upload/"/></layers></slide><slide obj="MLS_Slide" id_slide="12" image="slider5.jpg" repeat_x="0" repeat_y="0" sort_order="8" backgroud_color="#f5f5f2" custom_class="" enabled="1" animation_in="zoomInFlipHoriz" animation_out="zoomOutFlipVert" title="Slide 5" link_img="/digital17/modules/ets_multilayerslider/views/img/upload/slider5.jpg" max_layer_in="3500" max_layer_out="1200"><layers><layer obj="MLS_Layer" id_slide="12" layer_type="text" font_size="16.00" text_color="#454545" custom_class="" background_color="#F3F3F3" background_opacity="1.00" font_family="" font_weight="normal" text_decoration="none" text_transform="uppercase" padding="5px 10px" box_radius="20" top="94.00" left="104.56" right="0.00" top_right="0.00" animation_in="fadeInLeft" animation_out="fadeOutLeft" width="" height="" sort_order="1" move_in="1000" move_out="500" stand_duration="0" start_delay="0" image="" content_layer="&lt;span class=&quot;color2&quot;&gt;New &lt;/span&gt; experiences with Android 7.1" link="" link_image="/digital17/modules/ets_multilayerslider/views/img/upload/"/><layer obj="MLS_Layer" id_slide="12" layer_type="text" font_size="45.00" text_color="#333333" custom_class="main-color" background_color="#F3F3F3" background_opacity="1.00" font_family="Montserrat" font_weight="bold" text_decoration="none" text_transform="uppercase" padding="5px 10px" box_radius="20" top="149.00" left="104.56" right="0.00" top_right="0.00" animation_in="slideInRight" animation_out="slideOutRight" width="" height="" sort_order="2" move_in="1000" move_out="500" stand_duration="0" start_delay="0" image="" content_layer="Samsung galaxy tab" link="" link_image="/digital17/modules/ets_multilayerslider/views/img/upload/"/><layer obj="MLS_Layer" id_slide="12" layer_type="text" font_size="14.00" text_color="#929292" custom_class="sub_title" background_color="#ec4249" background_opacity="1.00" font_family="" font_weight="normal" text_decoration="none" text_transform="none" padding="10px 20px" box_radius="20" top="213.00" left="107.00" right="0.00" top_right="0.00" animation_in="slideInRight" animation_out="slideOutRight" width="" height="" sort_order="3" move_in="1000" move_out="700" stand_duration="500" start_delay="900" image="" content_layer="Lorem ipsum dolor sit amet, consectetur adipiscing elit. Integer nec &lt;br /&gt;&#13;&#10;odio. Praesent libero. Sed cursus ante dapibus diam" link="#" link_image="/digital17/modules/ets_multilayerslider/views/img/upload/"/><layer obj="MLS_Layer" id_slide="12" layer_type="button" font_size="14.00" text_color="#ffffff" custom_class="main-color-btn" background_color="#5e5e5e" background_opacity="1.00" font_family="" font_weight="bold" text_decoration="underline" text_transform="uppercase" padding="15px 30px" box_radius="0" top="281.52" left="107.42" right="0.00" top_right="0.00" animation_in="zoomIn" animation_out="zoomOut" width="" height="" sort_order="4" move_in="1000" move_out="500" stand_duration="500" start_delay="2500" image="" content_layer="Purchase Now" link="http://theme.yourbestcode.com/shopnow/en/16-furniture" link_image="/digital17/modules/ets_multilayerslider/views/img/upload/"/></layers></slide><slide obj="MLS_Slide" id_slide="13" image="slider6.jpg" repeat_x="0" repeat_y="0" sort_order="9" backgroud_color="#f5f5f2" custom_class="" enabled="1" animation_in="zoomInFlipHoriz" animation_out="zoomOutFlipVert" title="Slide 6" link_img="/digital17/modules/ets_multilayerslider/views/img/upload/slider6.jpg" max_layer_in="3500" max_layer_out="1200"><layers><layer obj="MLS_Layer" id_slide="13" layer_type="text" font_size="16.00" text_color="#454545" custom_class="" background_color="#F3F3F3" background_opacity="1.00" font_family="" font_weight="normal" text_decoration="none" text_transform="uppercase" padding="5px 10px" box_radius="20" top="94.00" left="104.56" right="0.00" top_right="0.00" animation_in="fadeInLeft" animation_out="fadeOutLeft" width="" height="" sort_order="1" move_in="1000" move_out="500" stand_duration="0" start_delay="0" image="" content_layer="&lt;span class=&quot;color2&quot;&gt;New &lt;/span&gt; experiences with Android 7.1" link="" link_image="/digital17/modules/ets_multilayerslider/views/img/upload/"/><layer obj="MLS_Layer" id_slide="13" layer_type="text" font_size="45.00" text_color="#333333" custom_class="main-color" background_color="#F3F3F3" background_opacity="1.00" font_family="Montserrat" font_weight="bold" text_decoration="none" text_transform="uppercase" padding="5px 10px" box_radius="20" top="149.00" left="104.56" right="0.00" top_right="0.00" animation_in="slideInRight" animation_out="slideOutRight" width="" height="" sort_order="2" move_in="1000" move_out="500" stand_duration="0" start_delay="0" image="" content_layer="Acer Aspire R11" link="" link_image="/digital17/modules/ets_multilayerslider/views/img/upload/"/><layer obj="MLS_Layer" id_slide="13" layer_type="text" font_size="14.00" text_color="#929292" custom_class="sub_title" background_color="#ec4249" background_opacity="1.00" font_family="" font_weight="normal" text_decoration="none" text_transform="none" padding="10px 20px" box_radius="20" top="213.00" left="107.00" right="0.00" top_right="0.00" animation_in="slideInRight" animation_out="slideOutRight" width="" height="" sort_order="3" move_in="1000" move_out="700" stand_duration="500" start_delay="900" image="" content_layer="Lorem ipsum dolor sit amet, consectetur adipiscing elit. Integer nec &lt;br /&gt;&#13;&#10;odio. Praesent libero. Sed cursus ante dapibus diam" link="#" link_image="/digital17/modules/ets_multilayerslider/views/img/upload/"/><layer obj="MLS_Layer" id_slide="13" layer_type="button" font_size="14.00" text_color="#ffffff" custom_class="main-color-btn" background_color="#5e5e5e" background_opacity="1.00" font_family="" font_weight="bold" text_decoration="underline" text_transform="uppercase" padding="15px 30px" box_radius="0" top="281.52" left="107.42" right="0.00" top_right="0.00" animation_in="zoomIn" animation_out="zoomOut" width="" height="" sort_order="4" move_in="1000" move_out="500" stand_duration="500" start_delay="2500" image="" content_layer="Purchase Now" link="http://theme.yourbestcode.com/shopnow/en/16-furniture" link_image="/digital17/modules/ets_multilayerslider/views/img/upload/"/></layers></slide><slide obj="MLS_Slide" id_slide="16" image="slider-3.jpg" repeat_x="0" repeat_y="0" sort_order="10" backgroud_color="#f5f5f2" custom_class="" enabled="1" animation_in="zoomInFlipHoriz" animation_out="zoomOutFlipVert" title="Slide 3-1" link_img="/digital17/modules/ets_multilayerslider/views/img/upload/slider-3.jpg" max_layer_in="3500" max_layer_out="1200"><layers><layer obj="MLS_Layer" id_slide="16" layer_type="text" font_size="16.00" text_color="#454545" custom_class="" background_color="#F3F3F3" background_opacity="1.00" font_family="" font_weight="normal" text_decoration="none" text_transform="uppercase" padding="5px 10px" box_radius="20" top="94.00" left="40.00" right="0.00" top_right="0.00" animation_in="fadeInLeft" animation_out="fadeOutLeft" width="" height="" sort_order="1" move_in="1000" move_out="500" stand_duration="0" start_delay="0" image="" content_layer="&lt;span class=&quot;color2&quot;&gt;New &lt;/span&gt; experiences with Android 7.1" link="" link_image="/digital17/modules/ets_multilayerslider/views/img/upload/"/><layer obj="MLS_Layer" id_slide="16" layer_type="text" font_size="45.00" text_color="#333333" custom_class="main-color" background_color="#F3F3F3" background_opacity="1.00" font_family="Montserrat" font_weight="bold" text_decoration="none" text_transform="uppercase" padding="5px 10px" box_radius="20" top="149.00" left="40.00" right="0.00" top_right="0.00" animation_in="slideInRight" animation_out="slideOutRight" width="" height="" sort_order="2" move_in="1000" move_out="500" stand_duration="0" start_delay="0" image="" content_layer="Acer Aspire R11" link="" link_image="/digital17/modules/ets_multilayerslider/views/img/upload/"/><layer obj="MLS_Layer" id_slide="16" layer_type="text" font_size="14.00" text_color="#929292" custom_class="sub_title" background_color="#ec4249" background_opacity="1.00" font_family="" font_weight="normal" text_decoration="none" text_transform="none" padding="10px 20px" box_radius="20" top="213.00" left="40.00" right="0.00" top_right="0.00" animation_in="slideInRight" animation_out="slideOutRight" width="" height="" sort_order="3" move_in="1000" move_out="700" stand_duration="500" start_delay="900" image="" content_layer="Lorem ipsum dolor sit amet, consectetur adipiscing elit. Integer nec &lt;br /&gt;&#10;odio. Praesent libero. Sed cursus ante dapibus diam" link="#" link_image="/digital17/modules/ets_multilayerslider/views/img/upload/"/><layer obj="MLS_Layer" id_slide="16" layer_type="button" font_size="14.00" text_color="#ffffff" custom_class="main-color-btn" background_color="#5e5e5e" background_opacity="1.00" font_family="" font_weight="bold" text_decoration="underline" text_transform="uppercase" padding="15px 30px" box_radius="0" top="281.52" left="40.00" right="0.00" top_right="0.00" animation_in="zoomIn" animation_out="zoomOut" width="" height="" sort_order="4" move_in="1000" move_out="500" stand_duration="500" start_delay="2500" image="" content_layer="Purchase Now" link="http://theme.yourbestcode.com/shopnow/en/16-furniture" link_image="/digital17/modules/ets_multilayerslider/views/img/upload/"/></layers></slide><slide obj="MLS_Slide" id_slide="17" image="slider3-3.jpg" repeat_x="0" repeat_y="0" sort_order="11" backgroud_color="#f5f5f2" custom_class="" enabled="1" animation_in="zoomInFlipHoriz" animation_out="rotateXOutTop" title="Slide 3-2" link_img="/digital17/modules/ets_multilayerslider/views/img/upload/slider3-3.jpg" max_layer_in="3500" max_layer_out="1200"><layers><layer obj="MLS_Layer" id_slide="17" layer_type="text" font_size="16.00" text_color="#454545" custom_class="" background_color="#F3F3F3" background_opacity="1.00" font_family="" font_weight="normal" text_decoration="none" text_transform="uppercase" padding="5px 10px" box_radius="20" top="94.00" left="40.00" right="0.00" top_right="0.00" animation_in="fadeInLeft" animation_out="fadeOutLeft" width="" height="" sort_order="1" move_in="1000" move_out="500" stand_duration="0" start_delay="0" image="" content_layer="&lt;span class=&quot;color2&quot;&gt;New &lt;/span&gt; experiences with Android 7.1" link="" link_image="/digital17/modules/ets_multilayerslider/views/img/upload/"/><layer obj="MLS_Layer" id_slide="17" layer_type="text" font_size="45.00" text_color="#333333" custom_class="main-color" background_color="#F3F3F3" background_opacity="1.00" font_family="Montserrat" font_weight="bold" text_decoration="none" text_transform="uppercase" padding="5px 10px" box_radius="20" top="149.00" left="40.00" right="0.00" top_right="0.00" animation_in="slideInRight" animation_out="slideOutRight" width="" height="" sort_order="2" move_in="1000" move_out="500" stand_duration="0" start_delay="0" image="" content_layer="Acer Aspire R11" link="" link_image="/digital17/modules/ets_multilayerslider/views/img/upload/"/><layer obj="MLS_Layer" id_slide="17" layer_type="text" font_size="14.00" text_color="#929292" custom_class="sub_title" background_color="#ec4249" background_opacity="1.00" font_family="" font_weight="normal" text_decoration="none" text_transform="none" padding="10px 20px" box_radius="20" top="213.00" left="40.00" right="0.00" top_right="0.00" animation_in="slideInRight" animation_out="slideOutRight" width="" height="" sort_order="3" move_in="1000" move_out="700" stand_duration="500" start_delay="900" image="" content_layer="Lorem ipsum dolor sit amet, consectetur adipiscing elit. Integer nec &lt;br /&gt;&#10;odio. Praesent libero. Sed cursus ante dapibus diam" link="#" link_image="/digital17/modules/ets_multilayerslider/views/img/upload/"/><layer obj="MLS_Layer" id_slide="17" layer_type="button" font_size="14.00" text_color="#ffffff" custom_class="main-color-btn" background_color="#5e5e5e" background_opacity="1.00" font_family="" font_weight="bold" text_decoration="underline" text_transform="uppercase" padding="15px 30px" box_radius="0" top="281.52" left="40.00" right="0.00" top_right="0.00" animation_in="zoomIn" animation_out="zoomOut" width="" height="" sort_order="4" move_in="1000" move_out="500" stand_duration="500" start_delay="2500" image="" content_layer="Purchase Now" link="http://theme.yourbestcode.com/shopnow/en/16-furniture" link_image="/digital17/modules/ets_multilayerslider/views/img/upload/"/></layers></slide><slide obj="MLS_Slide" id_slide="18" image="f9ff1ce2e3-slider6.jpg" repeat_x="0" repeat_y="0" sort_order="12" backgroud_color="#f5f5f2" custom_class="" enabled="1" animation_in="zoomInFlipHoriz" animation_out="rotateXOutTop" title="Slide 6-1" link_img="/digital17/modules/ets_multilayerslider/views/img/upload/f9ff1ce2e3-slider6.jpg" max_layer_in="3500" max_layer_out="1200"><layers><layer obj="MLS_Layer" id_slide="18" layer_type="text" font_size="16.00" text_color="#454545" custom_class="" background_color="#F3F3F3" background_opacity="1.00" font_family="" font_weight="normal" text_decoration="none" text_transform="uppercase" padding="5px 10px" box_radius="20" top="94.00" left="40.00" right="0.00" top_right="0.00" animation_in="fadeInLeft" animation_out="fadeOutLeft" width="" height="" sort_order="1" move_in="1000" move_out="500" stand_duration="0" start_delay="0" image="" content_layer="&lt;span class=&quot;color2&quot;&gt;New &lt;/span&gt; experiences with Android 7.1" link="" link_image="/digital17/modules/ets_multilayerslider/views/img/upload/"/><layer obj="MLS_Layer" id_slide="18" layer_type="text" font_size="45.00" text_color="#333333" custom_class="main-color" background_color="#F3F3F3" background_opacity="1.00" font_family="Montserrat" font_weight="bold" text_decoration="none" text_transform="uppercase" padding="5px 10px" box_radius="20" top="149.00" left="40.00" right="0.00" top_right="0.00" animation_in="slideInRight" animation_out="slideOutRight" width="" height="" sort_order="2" move_in="1000" move_out="500" stand_duration="0" start_delay="0" image="" content_layer="Acer Aspire R11" link="" link_image="/digital17/modules/ets_multilayerslider/views/img/upload/"/><layer obj="MLS_Layer" id_slide="18" layer_type="text" font_size="14.00" text_color="#929292" custom_class="sub_title" background_color="#ec4249" background_opacity="1.00" font_family="" font_weight="normal" text_decoration="none" text_transform="none" padding="10px 20px" box_radius="20" top="213.00" left="40.00" right="0.00" top_right="0.00" animation_in="slideInRight" animation_out="slideOutRight" width="" height="" sort_order="3" move_in="1000" move_out="700" stand_duration="500" start_delay="900" image="" content_layer="Lorem ipsum dolor sit amet, consectetur adipiscing elit. Integer nec &lt;br /&gt;&#13;&#10;odio. Praesent libero. Sed cursus ante dapibus diam" link="#" link_image="/digital17/modules/ets_multilayerslider/views/img/upload/"/><layer obj="MLS_Layer" id_slide="18" layer_type="button" font_size="14.00" text_color="#ffffff" custom_class="main-color-btn" background_color="#5e5e5e" background_opacity="1.00" font_family="" font_weight="bold" text_decoration="underline" text_transform="uppercase" padding="15px 30px" box_radius="0" top="281.52" left="40.00" right="0.00" top_right="0.00" animation_in="zoomIn" animation_out="zoomOut" width="" height="" sort_order="4" move_in="1000" move_out="500" stand_duration="500" start_delay="2500" image="" content_layer="Purchase Now" link="http://theme.yourbestcode.com/shopnow/en/16-furniture" link_image="/digital17/modules/ets_multilayerslider/views/img/upload/"/></layers></slide><slide obj="MLS_Slide" id_slide="19" image="slider6-2.jpg" repeat_x="0" repeat_y="0" sort_order="13" backgroud_color="#f5f5f2" custom_class="" enabled="1" animation_in="zoomInFlipHoriz" animation_out="rotateXOutTop" title="Slide 6-2" link_img="/digital17/modules/ets_multilayerslider/views/img/upload/slider6-2.jpg" max_layer_in="3500" max_layer_out="1200"><layers><layer obj="MLS_Layer" id_slide="19" layer_type="text" font_size="16.00" text_color="#454545" custom_class="" background_color="#F3F3F3" background_opacity="1.00" font_family="" font_weight="normal" text_decoration="none" text_transform="uppercase" padding="5px 10px" box_radius="20" top="94.00" left="40.00" right="0.00" top_right="0.00" animation_in="fadeInLeft" animation_out="fadeOutLeft" width="" height="" sort_order="1" move_in="1000" move_out="500" stand_duration="0" start_delay="0" image="" content_layer="&lt;span class=&quot;color2&quot;&gt;New &lt;/span&gt; experiences with Android 7.1" link="" link_image="/digital17/modules/ets_multilayerslider/views/img/upload/"/><layer obj="MLS_Layer" id_slide="19" layer_type="text" font_size="45.00" text_color="#333333" custom_class="main-color" background_color="#F3F3F3" background_opacity="1.00" font_family="Montserrat" font_weight="bold" text_decoration="none" text_transform="uppercase" padding="5px 10px" box_radius="20" top="149.00" left="40.00" right="0.00" top_right="0.00" animation_in="slideInRight" animation_out="slideOutRight" width="" height="" sort_order="2" move_in="1000" move_out="500" stand_duration="0" start_delay="0" image="" content_layer="Acer Aspire R11" link="" link_image="/digital17/modules/ets_multilayerslider/views/img/upload/"/><layer obj="MLS_Layer" id_slide="19" layer_type="text" font_size="14.00" text_color="#929292" custom_class="sub_title" background_color="#ec4249" background_opacity="1.00" font_family="" font_weight="normal" text_decoration="none" text_transform="none" padding="10px 20px" box_radius="20" top="213.00" left="40.00" right="0.00" top_right="0.00" animation_in="slideInRight" animation_out="slideOutRight" width="" height="" sort_order="3" move_in="1000" move_out="700" stand_duration="500" start_delay="900" image="" content_layer="Lorem ipsum dolor sit amet, consectetur adipiscing elit. Integer nec &lt;br /&gt;&#13;&#10;odio. Praesent libero. Sed cursus ante dapibus diam" link="#" link_image="/digital17/modules/ets_multilayerslider/views/img/upload/"/><layer obj="MLS_Layer" id_slide="19" layer_type="button" font_size="14.00" text_color="#ffffff" custom_class="main-color-btn" background_color="#5e5e5e" background_opacity="1.00" font_family="" font_weight="bold" text_decoration="underline" text_transform="uppercase" padding="15px 30px" box_radius="0" top="281.52" left="40.00" right="0.00" top_right="0.00" animation_in="zoomIn" animation_out="zoomOut" width="" height="" sort_order="4" move_in="1000" move_out="500" stand_duration="500" start_delay="2500" image="" content_layer="Purchase Now" link="http://theme.yourbestcode.com/shopnow/en/16-furniture" link_image="/digital17/modules/ets_multilayerslider/views/img/upload/"/></layers></slide></slides>
